a0,a1,a2,a3,a4,a5
65,149,103,136,98,117
66,149,102,138,93,115
66,149,102,138,88,113
66,149,103,135,90,114
65,149,104,131,97,114
66,149,104,128,101,113
66,149,104,126,100,111
66,149,105,127,100,107
66,149,104,128,103,106
66,149,104,133,102,105
65,149,103,137,101,101
65,149,103,139,100,100
66,149,103,139,100,101
65,149,104,138,100,103
65,150,104,137,99,107
65,150,104,136,97,111
65,150,103,135,96,116
65,150,103,135,95,116
65,150,103,135,97,114
65,150,103,134,97,114
65,150,104,132,99,114
65,150,104,131,96,114
65,150,104,130,96,112
65,150,104,129,95,109
65,150,104,130,97,107
65,150,104,132,94,106
61,150,103,133,96,103
61,149,103,134,105,101
61,149,104,136,108,101
61,149,104,137,102,102
61,150,103,137,96,103
61,149,103,135,96,108
61,149,103,134,104,114
61,149,104,136,107,117
61,149,103,138,96,115
61,149,102,137,92,113
60,149,103,135,93,114
61,149,103,132,93,114
61,149,104,129,92,113
61,149,104,127,94,111
60,149,104,127,100,108
61,149,104,128,103,107
60,149,104,131,105,106
60,149,104,135,105,102
59,149,103,137,100,100
61,149,104,138,97,100
60,149,104,138,94,102
60,149,104,137,95,106
60,149,104,136,95,110
60,149,103,136,101,114
60,149,102,136,103,115
60,149,103,136,96,113
60,149,102,134,94,114
60,149,104,132,97,116
60,149,105,130,97,115
60,149,104,128,96,112
60,149,103,128,97,109
60,149,104,128,98,108
60,149,104,130,100,108
60,149,105,133,102,105
60,149,104,136,102,100
60,149,103,137,102,99
60,149,103,138,100,100
60,149,104,138,100,104
60,149,104,138,100,108
60,149,103,138,101,113
60,149,103,139,100,117
60,149,104,138,94,115
60,149,103,136,90,113
60,148,102,131,92,113
60,149,103,127,95,115
60,149,104,126,97,114
60,149,104,126,95,111
60,149,104,127,98,108
60,149,104,129,104,107
61,149,105,134,105,106
60,149,104,137,101,102
60,149,103,139,100,100
60,149,103,139,100,100
60,150,103,138,98,101
60,149,104,136,98,105
60,149,104,135,99,110
60,149,104,135,103,115
60,149,104,137,100,117
60,149,103,138,95,114
60,150,103,138,93,113
60,150,103,136,96,114
60,150,103,132,93,114
60,150,103,128,92,112
60,150,103,125,94,109
60,150,104,125,95,108
60,150,104,127,95,107
60,150,104,130,96,105
60,150,104,133,105,102
60,150,104,135,112,100
59,149,104,137,108,100
60,150,104,138,103,102
60,150,103,139,99,107
60,150,104,139,99,113
60,150,103,139,99,116
61,150,103,139,95,115
60,150,103,137,91,113
60,150,102,134,90,113
60,150,103,129,92,115
60,150,104,127,94,114
60,150,104,126,97,112
60,150,104,127,101,108
60,150,104,129,103,108
60,150,104,133,102,108
60,151,104,136,101,104
60,150,103,139,99,99
60,150,103,140,99,99
61,150,103,140,102,101
60,150,104,139,103,104
60,150,104,138,99,110
60,150,103,137,98,114
60,150,102,137,94,115
60,150,101,135,90,114
60,150,102,131,90,114
60,150,103,128,91,115
60,150,104,124,94,115
60,150,104,123,99,113
60,150,104,124,104,111
60,150,104,128,105,108
60,150,104,132,106,107
60,149,104,137,104,106
60,150,104,140,101,101
60,150,103,142,99,99
60,150,103,141,98,100
60,149,104,139,93,101
60,148,103,136,93,105
60,150,103,134,100,112
60,150,104,133,104,116
60,149,104,135,99,116
60,149,103,136,92,114
60,149,103,135,93,113
60,149,103,133,97,115
60,149,104,131,98,114
60,149,104,129,97,112
60,149,104,128,97,109
60,149,104,128,99,107
60,150,104,130,103,106
60,149,105,132,104,104
60,149,104,136,101,102
60,149,104,138,100,100
60,149,103,139,100,100
60,149,103,138,100,103
60,150,104,138,99,108
60,149,103,137,99,113
60,149,104,138,100,116
60,149,103,138,96,116
60,149,103,137,92,114
60,149,103,135,91,114
60,149,103,131,91,113
60,149,103,127,93,113
60,149,103,125,98,111
60,149,104,125,102,108
60,149,104,127,110,109
60,149,105,132,109,106
60,149,104,137,102,102
60,149,103,140,96,100
60,149,103,141,91,100
59,149,103,139,92,101
60,150,104,138,95,106
60,149,103,135,101,110
60,149,103,133,108,114
60,149,103,133,105,117
60,149,103,134,97,115
60,149,103,134,91,113
60,150,103,133,89,114
60,149,104,131,91,114
60,149,104,129,96,112
60,149,104,128,100,109
60,149,104,128,103,107
60,149,104,130,105,108
60,149,105,134,103,106
60,149,104,137,99,101
60,149,103,138,93,99
60,149,103,138,99,100
60,150,104,137,102,103
60,149,104,135,101,107
59,149,104,135,102,112
60,150,103,136,101,116
59,149,103,138,95,117
59,149,103,137,92,114
59,149,103,135,92,113
60,149,103,131,92,114
60,149,103,128,96,114
59,149,104,127,98,112
59,149,105,127,99,109
59,149,104,129,102,108
59,149,104,132,102,106
59,149,104,135,102,103
59,150,104,138,100,100
59,149,104,139,100,99
59,149,103,139,99,100
59,149,103,138,101,105
59,149,104,137,100,110
59,150,104,136,100,114
59,150,103,136,97,115
58,149,102,135,94,114
59,149,103,134,90,113
58,149,103,131,91,114
59,149,104,130,97,116
59,149,104,130,100,113
59,149,104,130,99,110
59,149,104,130,97,108
58,149,104,132,100,106
58,149,104,134,102,105
59,149,104,135,99,101
58,149,103,136,101,100
59,150,104,136,102,100
58,149,103,136,100,102
58,149,103,135,98,106
59,149,104,135,99,112
59,149,104,137,101,117
59,149,103,138,97,115
59,149,103,139,93,114
59,149,102,137,90,112
59,149,102,132,92,114
59,149,104,127,95,115
59,149,105,124,97,113
59,149,105,123,101,108
59,149,104,126,105,107
59,148,105,132,106,107
59,149,104,139,103,104
59,149,103,143,102,100
59,148,102,144,96,99
58,148,103,141,89,100
59,149,103,135,90,103
58,148,104,131,97,108
59,148,105,129,101,114
59,148,104,130,102,117
59,148,104,133,105,115
59,149,103,136,101,114
59,149,103,136,95,114
59,146,103,135,93,113
59,146,103,133,95,113
59,146,104,131,96,111
59,146,104,128,98,109
59,147,104,128,100,108
60,146,105,130,102,106
59,146,104,133,101,103
59,146,103,136,98,99
59,147,102,137,96,99
58,147,103,136,96,103
58,146,105,137,101,107
59,147,104,138,104,110
59,147,103,139,104,115
60,147,102,141,99,116
59,146,103,140,95,114
59,146,103,137,91,114
59,146,103,133,97,114
59,146,103,129,96,114
59,146,103,126,94,112
60,147,104,124,94,110
60,147,104,124,94,107
60,147,104,126,99,107
60,146,105,130,105,105
60,147,104,135,103,101
60,147,104,139,99,100
59,146,104,142,96,101
60,147,103,142,96,102
60,147,103,140,103,107
60,147,103,138,108,112
60,147,103,137,105,116
60,146,103,135,98,116
60,146,103,134,93,114
60,146,103,133,90,114
60,146,103,130,92,114
60,146,103,129,92,113
60,146,103,128,97,110
60,146,104,128,100,108
60,146,104,130,99,109
60,146,106,133,102,107
60,146,104,137,102,103
60,146,103,140,104,99
60,147,103,141,104,100
61,146,103,140,99,101
60,146,102,138,95,104
60,146,102,135,90,108
61,146,103,131,91,115
60,146,103,128,92,117
61,146,104,128,100,116
60,146,104,129,104,115
61,146,104,130,102,114
61,146,104,132,98,114
61,146,104,133,97,112
63,146,104,134,98,109
64,146,104,134,98,108
64,146,104,133,97,108
64,146,104,134,99,105
65,147,104,133,100,101
66,146,104,132,100,100
66,146,104,133,100,100
66,146,104,134,99,102
65,146,104,135,97,107
66,146,104,138,100,112
66,147,103,140,103,115
66,146,103,141,99,115
66,146,103,140,96,113
66,146,103,137,94,115
66,146,104,133,93,117
67,146,104,129,97,115
67,146,104,127,96,111
67,146,104,126,96,107
67,146,103,127,101,106
68,146,104,131,104,107
69,146,104,134,101,103
69,146,103,137,99,98
69,146,103,138,97,101
69,146,105,138,96,104
69,146,105,138,96,105
69,146,104,137,101,107
69,146,103,137,107,113
70,146,102,137,104,115
70,147,103,137,96,115
70,147,102,135,87,113
70,147,103,132,89,114
70,147,103,128,94,114
70,147,103,126,98,112
70,147,103,125,98,109
71,147,104,127,99,108
71,147,105,130,102,108
71,147,104,135,103,106
72,147,103,138,102,102
72,147,103,140,102,101
71,147,104,141,101,101
72,147,105,140,98,102
72,147,105,138,97,105
72,148,104,137,96,109
71,148,102,136,89,113
71,149,100,135,92,115
71,148,101,132,100,114
72,149,104,131,101,115
72,148,105,129,100,116
73,149,104,128,100,115
73,149,104,128,100,113
73,148,104,128,100,109
74,149,104,129,105,108
73,149,104,132,107,106
75,148,104,135,103,104
74,149,103,137,94,99
74,149,103,138,93,99
73,148,104,138,98,100
73,149,104,138,98,103
73,149,103,137,93,107
73,148,103,136,90,113
73,148,102,135,97,116
73,148,104,134,104,115
73,148,104,133,98,114
73,148,104,132,87,114
73,148,104,131,86,115
73,148,103,131,93,114
74,149,103,130,105,110
73,148,102,129,111,108
73,148,101,130,109,108
73,148,101,131,103,105
72,148,105,133,97,102
73,148,107,134,97,100
73,148,107,136,104,100
74,148,105,137,103,102
74,148,103,138,99,106
74,148,103,139,96,111
74,149,103,140,97,115
74,149,103,141,95,115
73,148,103,141,91,114
74,148,102,138,92,113
74,148,102,133,96,114
74,148,103,129,95,114
74,148,103,124,89,111
74,148,103,120,90,108
74,148,103,117,98,108
74,148,105,120,103,108
74,148,106,128,113,106
73,148,105,137,115,102
74,148,104,144,109,100
74,148,103,147,100,99
75,148,103,146,91,103
75,148,103,142,89,109
74,148,104,138,98,113
74,148,103,135,104,114
74,148,102,133,100,116
74,148,103,132,96,114
74,148,103,131,92,114
74,148,104,130,88,114
74,148,103,129,88,113
74,148,103,128,92,111
74,148,104,127,101,109
74,148,105,129,109,107
75,148,105,131,110,105
74,148,104,135,105,105
74,148,104,139,96,102
74,148,104,140,95,100
74,148,103,140,97,100
73,148,103,138,98,103
74,148,103,136,99,109
74,148,103,134,100,114
74,149,104,134,100,117
74,149,103,135,97,116
74,148,103,134,94,113
75,148,102,133,93,114
74,148,103,131,94,114
74,148,103,129,96,113
74,148,104,128,97,110
74,148,104,128,100,109
74,148,104,130,103,107
74,149,104,133,105,105
74,148,103,137,99,101
74,148,103,139,98,100
75,149,103,139,99,100
74,149,104,139,98,102
74,149,103,137,98,106
74,149,103,136,102,112
74,149,104,135,102,116
74,149,103,135,97,115
74,149,103,134,91,114
74,149,103,133,88,114
75,149,103,131,93,114
74,149,103,129,101,114
75,149,104,128,105,112
75,149,104,128,102,109
75,149,104,129,99,108
75,148,105,132,100,107
75,149,105,136,100,104
75,149,103,138,98,99
75,149,103,140,97,100
75,149,104,139,96,101
75,149,103,137,93,103
75,150,104,135,96,108
75,149,104,135,108,116
75,149,104,136,112,117
75,149,103,136,101,115
75,149,102,135,89,112
75,149,102,133,87,113
75,149,103,130,93,113
75,149,103,127,99,112
75,149,104,127,99,111
75,149,104,128,96,109
75,149,104,131,94,108
75,149,104,135,96,106
75,149,104,138,93,103
74,149,103,138,100,100
75,149,103,138,112,100
76,149,103,136,112,101
75,149,103,135,104,105
76,149,104,134,94,111
76,149,104,134,94,116
75,149,104,135,97,116
76,149,104,136,96,115
76,149,103,136,95,114
76,149,103,134,96,114
76,149,102,131,97,112
76,149,102,128,100,112
76,149,103,127,101,110
76,149,104,127,103,108
76,149,104,129,110,108
75,149,105,133,101,104
76,149,103,136,92,101
75,149,103,138,92,100
76,149,104,139,91,100
75,149,103,139,93,103
76,149,103,137,99,108
75,149,104,136,101,114
76,149,104,136,100,116
75,149,104,136,104,116
75,149,103,136,110,114
75,149,102,134,106,113
75,150,103,132,95,114
75,150,103,129,85,114
75,150,104,128,88,110
75,150,103,127,92,107
75,150,104,128,93,107
75,150,104,131,88,105
76,150,104,134,79,103
75,150,104,136,94,102
76,149,104,137,117,102
76,149,104,138,123,101
77,150,103,138,117,105
76,150,103,137,106,109
76,150,104,137,99,115
77,150,105,137,93,117
76,150,103,136,93,115
76,150,103,135,96,113
76,150,102,132,91,113
76,150,102,130,90,113
76,150,103,128,93,112
76,151,103,128,95,110
76,151,104,128,97,108
76,151,104,130,99,107
74,150,106,133,97,105
76,151,104,136,102,102
76,151,104,138,112,101
76,151,104,139,108,101
76,151,103,139,100,103
76,151,103,138,96,107
75,151,103,136,96,111
75,151,104,136,97,115
76,151,103,136,95,117
75,151,103,135,94,114
75,151,102,133,93,114
75,151,103,131,93,114
75,151,103,129,96,114
75,151,104,128,99,111
75,151,104,128,100,108
75,151,104,130,103,108
74,151,104,133,106,108
75,150,105,135,106,105
75,151,103,137,106,99
76,150,104,138,99,100
76,151,103,138,89,102
76,151,103,137,87,104
75,151,103,136,90,105
75,151,103,135,105,111
75,151,104,136,111,114
75,151,104,136,108,119
75,151,103,135,98,116
75,152,102,133,91,112
75,152,101,131,87,115
75,152,102,128,81,120
75,152,104,127,86,119
75,152,104,127,97,108
75,152,104,129,113,105
75,153,105,133,111,104
75,153,105,136,93,100
77,152,104,139,94,94
77,153,103,140,93,95
77,153,103,139,95,102
77,153,104,138,109,106
77,152,104,137,122,106
77,153,104,136,115,114
77,152,102,136,103,118
77,152,102,134,95,119
77,151,102,131,98,118
78,152,103,129,110,116
77,152,104,127,86,116
77,153,105,128,66,118
78,152,106,130,72,111
78,153,104,132,84,106
79,153,102,134,95,111
78,153,103,135,109,102
78,154,103,136,114,93
78,154,104,137,131,94
79,154,104,139,124,94
80,154,102,138,100,97
79,154,102,137,88,108
80,154,103,137,85,115
79,155,103,136,87,120
79,155,104,135,89,124
79,155,104,134,100,124
80,155,104,132,102,118
79,155,102,131,96,107
80,155,102,129,94,103
80,155,103,128,94,104
80,156,103,128,87,107
80,155,104,129,97,109
81,156,106,132,102,113
80,156,106,135,105,110
80,156,105,137,95,103
81,156,104,139,101,99
80,156,103,139,115,100
80,156,102,138,120,104
80,156,103,137,114,109
80,156,104,136,102,114
80,156,103,136,88,115
81,156,102,136,77,114
81,156,102,134,80,113
80,156,103,131,96,113
80,157,104,129,103,112
81,156,102,128,96,114
81,156,104,128,95,112
81,156,105,129,102,108
81,156,104,132,104,106
81,156,105,135,101,103
81,156,103,137,96,99
80,157,103,138,95,100
80,156,103,139,96,105
81,157,103,138,99,110
81,157,104,136,108,107
82,158,104,135,114,108
82,157,104,135,101,106
82,159,103,135,93,107
81,160,102,135,97,114
81,160,103,134,96,121
80,160,104,131,84,126
80,160,104,129,67,133
81,160,104,127,81,116
81,160,104,127,117,99
80,160,104,129,117,103
79,160,105,132,94,99
79,160,103,137,101,92
79,160,102,140,124,95
79,160,103,140,121,100
79,160,102,139,104,105
78,160,102,135,68,102
79,160,104,131,56,105
78,160,106,129,99,122
79,160,108,130,113,128
79,160,105,134,101,115
79,160,101,137,93,103
79,160,99,137,97,110
80,160,102,136,100,122
80,160,104,134,98,116
80,160,102,132,120,106
80,160,100,128,120,101
80,160,104,127,97,101
80,160,108,127,103,100
79,160,108,131,94,95
79,160,104,135,85,98
79,159,103,139,97,107
80,159,103,142,96,118
80,160,103,142,93,131
80,160,103,142,84,124
81,160,103,139,73,119
81,160,101,136,84,105
82,160,103,132,99,80
82,161,103,129,114,93
83,161,104,127,131,120
83,161,104,126,144,136
82,160,105,128,118,144
82,160,104,131,89,105
81,162,101,133,77,92
81,162,102,134,104,99
82,163,102,135,79,98
82,162,101,137,54,110
83,163,103,136,56,111
83,163,104,135,113,84
84,163,107,135,142,74
83,163,106,136,133,99
83,163,103,137,91,134
84,164,103,136,47,136
84,163,104,133,76,119
85,163,107,133,136,95
85,163,106,132,151,84
85,163,102,131,96,110
86,164,100,129,63,125
86,164,105,129,97,142
87,164,107,132,129,135
87,164,102,136,117,117
87,164,99,138,91,95
89,163,99,137,64,97
89,163,102,136,67,113
89,163,105,135,94,98
90,164,105,134,92,84
90,164,108,133,101,106
91,163,106,134,110,112
91,164,103,135,120,110
91,164,103,135,128,120
92,165,102,135,126,103
92,165,100,134,92,91
98,166,103,132,69,103
98,166,104,130,61,114
99,166,103,127,80,111
99,167,102,127,101,114
100,167,106,129,96,122
100,167,108,131,106,117
100,166,109,135,117,119
100,168,105,139,117,130
101,168,102,141,96,110
102,168,99,141,100,92
102,168,101,140,108,86
103,168,100,137,116,102
103,169,100,134,108,101
103,169,102,131,76,102
104,170,102,129,70,99
104,169,104,128,77,106
105,168,106,129,90,106
105,169,105,132,93,119
105,169,102,133,98,138
105,169,104,132,111,145
106,170,112,133,109,122
108,170,109,135,94,91
108,170,99,135,102,68
112,170,97,134,101,84
113,170,100,132,118,108
113,171,102,131,104,123
116,171,105,132,101,139
115,171,107,136,119,113
116,171,103,140,86,100
116,171,100,138,85,98
112,171,104,136,133,103
117,171,109,134,120,99
117,171,107,134,87,90
120,171,101,133,65,120
121,171,97,129,63,132
122,171,101,126,68,116
122,172,103,126,58,132
123,172,109,130,121,134
123,172,106,136,150,89
123,172,99,140,115,86
124,173,95,139,98,108
126,173,100,134,130,105
126,174,110,131,127,105
128,175,111,130,82,118
128,176,108,133,27,130
129,176,103,135,79,101
128,177,100,138,116,77
128,177,103,139,51,104
128,178,102,139,70,126
129,177,103,137,160,121
129,179,102,136,165,89
128,180,96,132,89,69
128,179,94,127,62,104
129,179,107,124,111,130
129,180,118,127,144,132
130,180,113,134,137,130
131,180,97,138,95,123
130,181,98,139,68,111
131,180,100,138,50,87
132,180,104,135,81,82
132,180,102,134,95,81
133,180,99,133,93,93
134,180,112,137,121,106
135,180,109,141,96,118
135,180,97,139,89,139
139,180,96,134,126,140
139,180,105,131,110,120
140,181,100,126,70,125
141,180,102,121,82,113
142,180,107,120,141,110
143,181,109,125,156,101
143,181,103,132,58,89
145,183,98,138,53,97
145,181,103,143,107,94
146,181,101,143,63,91
147,182,103,139,21,113
147,183,108,136,95,133
148,183,108,135,164,113
149,183,103,133,178,89
152,183,104,132,146,94
153,184,107,135,112,107
154,185,106,139,84,127
155,183,100,141,37,123
155,183,95,138,38,113
157,183,96,132,86,121
157,183,103,127,107,134
157,183,103,125,133,85
158,183,100,125,104,70
158,183,101,124,89,98
161,185,108,127,125,121
160,184,111,132,126,124
160,184,111,137,86,127
160,185,103,139,42,108
162,185,98,139,56,98
162,186,105,139,141,83
164,186,107,140,159,87
164,186,96,139,81,111
164,186,97,135,82,131
165,186,103,133,99,152
165,186,106,131,76,113
165,186,103,129,94,81
166,186,103,127,149,103
166,186,108,126,153,128
166,186,104,128,70,111
167,187,99,130,61,105
167,187,104,133,76,113
167,187,109,139,71,107
167,186,102,141,82,94
168,187,98,140,139,96
168,188,101,137,172,108
168,187,105,133,85,103
167,188,104,130,103,95
167,188,105,131,158,102
167,188,102,134,50,119
168,188,102,135,0,105
176,197,229,132,127,157
169,189,188,136,93,130
169,189,97,134,127,109
169,189,94,131,169,90
171,189,100,128,145,95
172,190,103,126,126,113
172,190,105,126,116,109
172,190,110,130,96,102
172,190,108,136,76,95
173,190,98,138,86,107
174,190,100,138,84,121
173,190,104,138,79,106
175,190,103,138,112,107
176,190,109,140,153,113
177,190,104,140,83,99
177,190,96,136,42,102
177,191,100,131,49,117
177,191,105,128,74,126
177,191,104,127,125,113
178,191,105,128,155,102
178,191,103,130,164,105
178,191,103,132,156,121
178,191,105,132,104,137
178,192,104,132,44,114
178,192,102,130,70,76
178,192,105,132,99,66
179,192,106,137,44,103
179,193,95,139,58,127
179,193,94,137,99,131
180,193,100,133,74,89
180,194,106,132,91,100
180,194,108,134,123,107
180,195,109,136,122,117
180,195,109,137,99,127
181,194,103,136,126,122
181,194,101,134,159,117
181,195,98,130,131,114
181,195,102,128,99,101
181,195,102,127,68,96
181,196,103,127,28,109
181,196,103,128,43,112
182,196,104,131,129,100
181,196,105,135,147,97
181,196,102,138,128,97
182,195,107,141,104,109
182,195,105,143,103,120
182,195,100,141,72,121
182,195,100,138,61,118
182,196,104,135,120,109
182,197,103,133,112,103
182,197,101,130,71,110
182,198,105,128,124,115
182,198,103,128,106,106
182,198,102,128,62,107
182,198,101,128,82,108
182,198,103,128,122,108
182,197,106,131,107,104
182,197,109,136,94,98
182,198,103,141,85,101
182,198,100,140,79,116
182,198,98,135,84,118
182,198,107,132,129,113
182,198,111,134,149,107
183,198,105,138,121,120
183,198,102,140,77,123
183,199,95,137,66,102
183,199,103,133,102,86
183,199,104,132,112,97
183,199,98,131,96,104
183,199,97,129,126,100
183,199,103,126,116,114
183,199,109,126,57,127
183,198,114,129,0,142
183,199,103,132,0,122
183,198,99,132,90,88
184,199,104,135,213,76
182,198,106,138,241,94
183,198,102,141,183,113
183,198,99,140,98,126
183,199,104,137,26,120
183,198,108,138,54,112
184,198,105,140,99,99
183,198,98,140,97,102
183,198,95,135,84,117
183,199,104,131,53,111
183,199,107,127,79,110
184,199,102,125,113,112
184,199,101,123,128,84
184,199,103,123,119,102
184,199,109,128,113,126
184,199,108,135,88,134
184,199,102,139,71,111
184,199,103,142,96,100
184,199,102,142,102,97
184,199,99,138,110,107
184,199,101,134,117,111
184,199,105,133,109,106
184,199,103,134,85,107
184,198,104,134,64,116
184,199,105,135,81,116
184,199,105,134,118,103
184,198,102,133,87,93
184,198,101,132,95,108
184,198,103,131,126,126
184,198,103,130,113,117
184,198,103,130,100,113
185,198,102,130,86,112
184,199,103,130,127,102
185,199,104,132,143,98
184,199,105,136,100,98
184,198,103,138,72,98
184,199,99,138,55,103
185,199,101,136,28,111
184,199,106,135,33,119
184,199,114,137,121,128
184,199,106,140,167,111
184,199,100,140,157,97
184,199,99,138,127,101
185,198,98,133,90,135
184,198,101,127,84,132
185,198,101,124,94,86
185,198,99,123,75,111
184,198,105,125,74,122
185,198,107,130,88,79
185,198,107,135,109,73
185,199,104,137,110,91
185,199,102,138,91,126
185,198,110,140,85,137
184,198,108,142,100,129
185,198,103,142,133,108
185,198,95,139,144,96
185,198,97,135,119,100
185,198,103,132,119,108
185,198,105,131,56,116
184,198,103,129,35,119
185,198,102,127,59,111
185,198,106,127,151,94
185,198,105,129,157,98
185,198,102,130,95,126
184,199,104,133,48,131
185,199,100,134,54,107
185,198,99,134,56,82
185,198,106,135,80,92
185,198,109,137,139,104
185,198,102,138,176,106
185,198,101,137,152,122
185,198,105,137,106,121
185,198,110,141,72,101
185,198,100,140,77,105
185,198,97,138,58,111
184,198,97,133,60,105
185,198,101,128,95,128
185,198,107,125,112,132
185,198,106,125,102,110
185,199,102,124,128,93
185,199,105,128,115,102
185,198,107,134,68,105
185,198,103,138,80,107
184,199,103,140,112,119
185,199,103,141,114,101
185,199,101,138,108,92
184,199,100,134,100,96
184,199,106,132,95,109
185,199,106,133,106,126
185,199,105,136,84,113
185,199,101,137,90,101
185,199,100,135,133,107
185,198,103,133,165,126
185,199,107,133,117,119
185,199,102,132,33,110
185,199,100,129,22,114
185,199,100,127,63,113
185,199,103,126,106,110
184,199,106,129,138,97
185,199,105,133,143,93
184,199,104,137,117,101
185,199,103,139,71,100
185,199,105,139,74,100
185,199,106,140,61,109
185,199,106,139,99,113
185,199,100,138,136,127
185,198,99,136,133,134
185,199,98,134,106,105
185,199,103,130,103,98
185,199,109,129,98,102
185,199,108,130,65,104
185,199,101,130,44,110
185,199,99,129,95,123
185,199,103,129,115,125
185,199,103,132,109,107
185,199,97,135,114,105
185,199,99,136,125,96
185,199,107,137,113,91
185,199,110,137,84,102
184,199,108,136,51,100
185,199,102,137,91,95
185,199,103,139,131,113
184,200,106,138,115,159
184,200,114,137,99,140
185,199,103,136,53,92
185,199,91,134,70,77
185,199,91,130,105,87
185,200,97,126,90,117
184,200,97,123,138,130
185,199,102,123,202,125
185,200,117,128,182,102
184,201,114,136,59,91
184,200,105,141,0,95
184,200,99,140,37,104
184,199,102,138,93,106
184,200,104,136,105,110
184,200,101,134,121,107
184,200,104,132,144,126
184,200,106,135,129,128
184,200,104,137,89,124
184,200,101,138,78,113
184,200,100,136,77,92
184,200,102,135,73,84
184,199,104,132,91,109
184,200,107,130,130,113
184,200,102,127,119,115
184,200,105,127,99,116
185,200,109,128,82,119
185,200,102,131,93,110
184,200,100,135,108,108
184,200,96,137,104,88
184,200,97,138,91,91
184,200,106,138,83,109
184,200,110,138,89,109
184,200,107,138,89,113
184,199,104,138,110,121
185,199,100,137,122,121
184,200,101,135,112,114
184,200,101,132,112,108
184,200,101,129,93,110
184,200,104,128,81,110
184,200,105,127,73,103
184,200,104,128,89,109
184,200,104,130,112,116
184,200,103,133,103,115
184,200,103,135,96,103
185,200,103,136,111,97
184,200,101,136,101,98
184,200,101,135,86,99
184,199,103,134,83,109
184,200,106,135,103,115
184,200,105,137,134,117
184,200,108,141,129,113
184,200,102,142,92,107
184,200,98,139,77,126
184,200,101,134,62,123
184,200,100,128,76,97
184,200,99,122,114,98
184,200,100,117,111,108
184,200,105,116,105,112
184,200,113,123,119,115
185,200,112,135,109,102
184,200,101,145,35,105
184,200,98,148,75,122
184,200,103,147,120,102
184,200,104,144,112,93
183,200,104,140,125,103
184,200,103,137,137,113
184,200,102,136,122,115
184,200,100,135,89,105
184,200,101,134,105,108
184,200,102,134,64,121
184,200,102,131,47,120
184,200,105,130,87,109
184,200,104,129,107,104
184,200,102,127,108,107
184,200,103,125,91,115
184,200,105,125,78,114
184,200,105,125,82,112
184,200,105,128,116,112
184,200,105,132,118,95
184,200,101,136,112,78
184,200,101,139,125,89
184,200,105,142,124,121
184,200,106,145,82,122
184,200,100,147,65,107
184,200,98,142,85,115
184,200,100,135,115,119
184,200,104,128,119,118
184,200,106,125,128,121
184,200,105,125,103,116
184,200,101,127,55,105
184,200,102,129,50,102
184,200,107,133,82,107
184,200,106,137,120,104
184,200,103,139,117,104
184,200,102,138,114,101
183,200,109,136,107,98
184,200,103,134,93,104
184,200,96,132,92,110
183,199,105,132,103,113
184,200,110,135,107,117
184,200,102,137,104,116
183,199,99,139,97,112
183,199,97,137,84,109
184,199,99,133,85,109
183,200,105,129,94,107
183,200,108,128,97,112
183,199,104,127,86,120
184,199,103,128,107,107
184,199,107,132,119,101
183,199,101,136,99,104
183,199,98,137,86,101
183,199,106,138,94,105
183,199,109,140,111,104
183,199,104,140,112,106
183,199,102,140,114,110
183,199,103,138,109,114
183,200,104,138,79,114
183,199,102,137,67,112
183,199,100,134,82,112
183,199,100,128,103,112
183,199,102,124,115,112
183,199,104,123,110,111
183,199,104,124,97,110
183,199,105,126,85,110
182,199,104,128,90,108
183,199,102,132,106,105
183,199,102,135,107,101
182,198,103,137,97,99
182,198,105,140,104,99
182,198,104,142,101,112
182,198,101,141,100,115
182,198,104,140,88,111
182,198,105,139,99,112
182,198,104,140,112,113
182,198,102,139,106,115
182,198,101,137,92,111
182,198,101,133,95,110
182,198,102,129,104,111
181,199,105,128,94,109
181,198,103,128,82,113
181,199,102,128,91,110
182,198,105,128,97,107
181,199,105,129,93,104
181,199,103,129,104,100
181,199,104,132,120,101
181,198,104,136,114,102
181,199,103,141,105,106
181,198,103,143,90,110
181,198,103,142,82,114
181,197,103,141,86,116
181,197,103,138,93,116
181,197,104,136,93,114
180,197,102,131,91,116
180,197,101,124,84,111
180,197,101,114,95,106
180,197,102,109,118,108
180,197,102,112,113,111
180,197,104,120,113,107
180,197,107,135,112,105
179,196,106,147,104,104
178,196,104,154,90,103
178,196,103,155,92,103
177,196,103,152,101,103
178,196,102,145,91,107
178,195,101,137,89,113
177,195,104,131,100,117
177,194,103,127,98,114
177,195,102,124,93,110
177,194,101,122,93,107
177,194,103,124,105,111
177,194,103,129,97,117
175,193,104,135,109,110
175,193,107,143,120,104
174,193,104,147,92,120
173,192,102,145,97,114
173,191,105,143,114,101
171,192,105,143,105,97
171,192,102,142,89,99
171,191,102,139,94,101
170,191,103,138,99,105
170,191,102,140,96,108
169,190,103,142,85,110
168,190,101,137,47,117
168,190,96,125,54,117
168,190,101,115,112,110
167,190,105,112,118,111
167,189,104,111,93,112
167,188,103,108,93,110
166,188,104,109,123,109
166,188,107,117,137,109
165,188,108,130,124,110
165,188,104,143,91,112
165,187,102,149,80,105
164,187,103,151,93,100
164,187,103,149,108,102
164,186,104,145,110,103
163,185,103,140,108,105
163,185,102,136,98,110
163,185,103,135,91,116
163,184,104,136,95,115
164,184,103,138,95,112
164,183,102,139,83,112
163,182,101,136,78,112
163,182,102,130,89,112
162,181,104,124,103,112
162,181,104,122,98,108
161,181,102,121,90,105
161,179,103,124,110,107
160,179,104,130,121,106
160,178,104,137,114,103
159,177,104,143,104,103
159,177,104,146,94,104
156,177,104,144,90,105
155,176,103,139,89,108
155,176,103,134,97,111
154,175,104,133,104,115
153,174,101,133,91,116
153,174,101,134,91,112
152,174,103,134,108,112
152,173,104,134,118,113
152,172,104,134,107,112
150,172,104,133,96,109
150,172,103,133,90,107
149,172,103,133,90,108
146,172,104,133,94,108
145,171,104,135,91,105
143,170,102,135,81,100
143,169,101,132,84,101
144,169,103,128,92,101
143,168,103,125,105,103
141,168,104,125,119,111
141,167,105,130,126,118
141,166,107,139,125,120
139,166,106,146,114,117
138,166,103,150,93,112
138,165,103,150,84,109
138,165,101,147,81,112
136,166,100,141,79,111
136,166,102,134,88,109
136,166,103,128,94,106
135,166,104,123,93,107
135,165,105,122,111,101
132,165,105,127,108,102
131,165,100,128,80,107
130,165,102,126,82,103
131,167,105,126,90,102
130,166,104,127,104,105
130,166,104,131,118,109
129,165,104,137,115,114
128,164,104,141,97,118
127,164,101,141,99,116
127,164,102,139,106,112
127,163,103,135,96,112
127,164,103,130,95,114
124,163,105,128,101,114
124,162,106,129,102,110
124,161,105,133,96,108
123,160,104,138,94,107
123,160,103,143,95,104
123,160,101,144,92,99
123,161,101,140,93,99
121,162,102,134,105,100
123,162,103,129,105,104
123,161,103,124,99,111
122,159,104,123,102,115
122,160,105,126,105,117
121,161,104,132,101,114
120,161,103,138,96,113
118,161,103,142,91,112
117,161,102,142,91,113
117,161,101,139,92,111
117,160,103,134,96,110
116,160,104,129,98,108
116,159,104,127,101,108
116,159,105,128,107,107
115,159,104,130,101,104
115,157,103,134,100,101
115,158,103,137,100,101
114,158,103,139,100,101
113,160,103,140,98,105
112,160,103,139,94,113
112,160,105,138,100,118
111,160,105,138,103,115
111,159,102,138,102,111
111,160,101,136,94,111
111,160,103,134,95,113
111,161,103,132,97,113
111,161,103,131,93,112
111,159,104,130,92,109
110,158,104,130,91,107
111,158,103,130,90,106
111,157,102,130,104,104
110,158,103,130,113,100
109,157,104,133,116,102
109,157,105,137,110,102
108,156,104,139,96,103
108,156,103,140,90,107
106,155,104,140,89,113
105,156,104,140,96,117
103,156,103,140,93,116
104,155,103,136,92,114
103,156,102,131,92,113
103,155,101,125,87,111
103,155,102,121,95,111
103,156,104,120,100,109
103,156,104,123,102,109
102,156,106,128,111,111
103,158,107,134,111,108
102,156,105,139,106,104
101,156,103,142,105,101
102,155,103,144,102,100
102,155,103,144,97,100
102,156,103,142,89,106
102,156,102,138,86,112
98,155,103,134,98,114
97,155,103,132,102,113
97,155,102,132,103,113
98,155,104,132,106,112
98,155,104,133,93,114
98,155,101,131,84,114
98,155,102,127,91,112
98,155,104,126,102,109
98,156,106,126,103,112
98,156,107,129,96,111
97,154,106,134,97,105
97,155,103,139,99,98
97,155,101,141,104,99
97,155,103,141,105,101
97,156,103,140,100,103
97,155,103,137,102,106
97,155,102,135,104,114
97,154,103,135,107,117
97,154,103,135,103,114
96,155,103,135,90,111
97,155,102,134,83,113
97,154,103,132,86,116
97,154,104,130,91,114
97,154,104,129,97,112
96,154,104,128,100,109
97,154,104,128,103,109
97,154,105,130,101,107
97,154,104,133,103,102
97,155,103,136,102,98
97,154,105,138,105,96
97,155,102,139,94,105
97,155,100,137,90,110
97,155,103,135,105,109
97,155,105,134,113,112
97,155,105,136,109,114
97,155,105,138,95,114
97,155,103,139,87,115
96,155,103,137,86,115
97,155,103,133,84,114
96,155,103,130,90,112
97,155,103,128,98,108
97,155,103,126,104,106
97,155,104,126,108,107
97,155,105,129,104,106
97,155,105,132,103,103
97,156,103,135,102,102
97,156,103,137,101,102
98,156,104,139,103,103
97,156,104,140,103,108
97,156,105,142,100,112
97,156,103,143,96,115
96,156,103,143,93,115
97,156,102,141,86,113
97,156,102,135,75,112
97,156,101,127,81,113
96,156,102,119,100,114
97,156,104,115,109,112
97,156,104,115,111,109
97,156,105,120,111,109
97,156,107,129,109,108
97,155,106,139,103,104
97,155,103,146,97,100
97,156,102,148,94,101
98,156,103,146,94,104
97,156,104,142,96,106
97,156,104,137,99,109
97,156,103,134,101,113
97,156,103,134,101,115
97,156,103,134,98,114
97,156,102,135,94,112
97,156,102,134,91,112
97,156,102,131,88,113
97,156,103,128,93,113
97,156,104,126,101,112
98,156,105,126,103,110
98,156,104,128,102,108
97,157,104,132,102,106
98,156,103,136,102,103
98,157,103,139,100,101
98,157,104,140,101,101
97,157,104,140,98,102
97,156,103,138,95,106
98,156,103,136,100,111
98,156,103,135,100,116
98,157,104,136,97,116
97,157,103,136,97,114
98,156,102,135,96,113
98,157,103,133,96,112
98,156,104,131,96,112
98,157,103,130,93,113
98,156,103,128,92,111
98,156,103,127,99,107
98,157,104,128,100,107
99,157,104,131,100,104
99,157,104,134,107,98
98,157,104,137,104,101
99,157,103,138,100,104
98,157,103,138,98,105
98,157,103,137,99,107
98,157,104,136,100,112
98,157,103,137,102,115
98,157,103,137,95,116
98,157,103,136,93,114
98,157,103,135,94,114
98,157,104,133,94,113
98,157,103,131,92,111
99,157,103,129,95,110
98,157,104,128,98,110
98,157,104,129,106,109
98,157,104,131,107,106
98,157,103,134,101,102
98,157,103,136,98,99
98,157,103,137,97,100
98,156,104,137,97,103
98,157,104,136,97,106
98,157,104,135,101,110
98,157,104,136,102,115
98,157,104,137,101,116
98,156,103,137,99,114
98,157,102,136,94,112
98,157,102,134,89,113
98,157,103,130,93,114
97,157,104,128,97,112
97,157,104,127,99,110
97,157,104,127,100,108
98,157,105,128,103,107
97,157,105,132,103,105
98,157,103,135,100,102
97,157,103,138,102,100
98,157,104,140,100,101
98,157,104,139,97,103
96,157,104,139,89,107
97,157,104,138,96,112
97,157,103,138,102,114
97,157,102,137,102,116
97,157,102,135,103,113
97,157,103,132,105,112
97,157,103,130,98,113
97,157,103,127,96,114
97,157,103,126,99,111
97,157,104,126,95,109
97,157,105,128,97,109
97,157,106,133,99,107
97,157,104,137,100,104
96,157,103,139,97,101
97,157,103,139,93,100
97,157,104,140,97,101
97,157,103,139,95,105
97,157,103,137,90,109
97,157,103,135,94,113
97,157,103,133,108,115
97,157,102,133,108,115
98,157,104,133,102,113
98,157,103,132,97,114
98,157,103,131,96,114
98,157,103,131,96,112
98,157,103,130,94,110
98,157,103,128,95,109
98,157,104,128,101,107
98,157,105,130,104,104
98,157,104,134,103,103
98,157,104,138,100,101
98,157,104,139,99,101
98,157,103,139,100,103
98,157,103,139,101,106
98,157,103,137,100,110
98,157,103,137,99,114
98,157,103,136,96,114
98,157,103,136,95,115
98,157,103,135,93,115
98,157,103,132,91,113
98,157,103,129,92,113
98,157,104,128,96,113
98,157,104,127,99,109
98,157,104,128,104,109
98,156,105,132,108,108
98,157,105,136,103,104
98,157,103,138,96,99
98,157,103,138,96,100
98,158,104,137,99,101
97,157,104,136,100,103
98,158,103,135,98,108
98,157,103,135,102,112
98,157,104,136,97,117
98,157,102,136,86,118
98,157,102,134,93,114
98,158,104,132,99,113
98,157,104,130,99,113
98,158,104,128,99,113
98,157,104,127,101,109
98,157,104,128,97,110
98,157,103,129,97,110
98,157,103,132,103,105
98,157,105,135,102,102
98,157,104,138,96,100
98,157,103,139,98,101
98,157,103,139,101,103
97,156,104,138,99,107
96,156,104,137,100,109
98,156,103,137,99,113
97,156,103,137,97,115
98,157,103,137,93,115
98,157,103,135,93,114
98,157,103,133,96,114
98,157,103,130,97,113
98,156,103,127,95,111
98,157,104,126,97,109
98,157,104,127,102,107
97,157,103,128,104,107
96,157,105,131,101,107
97,157,104,136,101,101
98,156,103,138,101,100
97,156,103,139,100,100
98,156,103,138,99,103
98,156,103,137,99,107
97,156,104,136,100,112
98,156,103,137,101,114
98,156,103,138,98,116
97,156,102,137,90,116
98,156,103,134,91,114
97,156,103,130,97,113
97,156,103,128,97,114
96,156,104,127,95,112
97,156,104,127,96,109
97,156,104,128,100,108
97,156,104,131,102,106
96,156,104,134,102,102
97,155,102,136,101,100
97,156,103,138,100,102
97,155,105,138,100,102
97,156,104,138,101,103
96,156,103,138,101,108
96,156,103,137,100,115
96,155,103,137,99,115
96,156,102,137,95,113
97,155,102,135,92,113
96,155,103,132,93,114
96,155,104,129,94,115
96,155,104,127,95,113
96,155,104,127,97,109
96,156,103,127,94,108
95,155,103,129,102,108
95,155,104,133,107,106
95,155,104,136,105,102
95,155,103,138,103,100
95,155,104,140,101,100
95,154,103,139,96,102
95,154,103,138,97,106
87,154,103,136,101,112
87,154,103,136,99,116
87,154,103,136,97,115
87,154,103,135,94,114
87,154,104,134,92,114
86,154,103,131,94,114
86,154,103,129,97,114
86,154,104,128,97,112
86,154,104,128,97,109
86,154,104,128,100,107
86,154,105,131,103,108
86,154,104,135,103,104
86,154,103,137,100,100
86,154,103,139,99,100
86,153,104,139,102,101
86,154,104,138,101,104
86,154,103,137,100,109
86,154,103,137,100,113
86,153,103,136,97,115
85,154,103,136,94,114
86,154,103,134,91,115
86,153,104,130,89,116
85,153,104,128,94,115
85,153,103,127,99,113
85,153,104,127,100,110
85,153,104,128,99,108
85,153,104,131,100,107
85,154,105,134,105,105
85,153,104,137,103,102
85,154,102,138,99,99
85,154,103,138,97,100
85,153,103,136,101,102
85,153,104,135,101,106
85,153,104,135,101,112
85,153,104,135,100,116
85,154,104,137,96,115
85,154,103,138,92,113
84,153,102,136,91,113
85,153,103,133,92,115
85,153,104,130,94,114
85,153,103,127,97,112
84,153,104,127,104,110
84,154,104,127,108,108
84,153,104,130,101,108
84,153,104,133,98,104
84,153,103,136,98,100
84,154,103,138,100,100
84,154,104,138,100,101
84,154,104,138,100,103
84,154,104,138,99,108
84,154,103,138,104,113
84,154,104,140,104,116
84,154,103,140,97,114
83,154,102,140,88,113
84,154,102,137,89,115
84,154,104,133,93,116
81,154,103,130,91,113
81,154,102,127,90,109
82,155,103,123,94,106
83,155,104,120,102,108
82,156,104,122,108,106
82,155,105,126,107,103
83,155,105,131,102,103
82,155,105,137,108,101
82,155,104,141,108,100
82,155,103,143,103,104
83,155,103,144,98,110
83,155,104,143,93,116
83,155,104,141,93,116
83,155,102,138,93,114
83,155,103,134,92,113
83,156,103,131,92,113
83,155,103,127,96,113
83,155,103,126,99,113
83,154,103,126,98,111
83,154,105,127,97,110
83,155,105,129,102,108
83,154,106,133,102,104
83,154,103,137,103,99
83,153,103,140,105,99
84,153,104,141,100,100
83,153,103,140,93,104
83,154,103,138,96,108
84,154,103,135,98,111
84,154,103,134,97,115
84,154,103,134,99,116
84,154,104,134,99,115
84,154,104,133,97,115
84,154,104,133,93,115
84,154,104,132,90,113
84,153,103,130,91,110
84,153,103,128,99,108
84,153,104,127,105,108
85,153,105,129,107,107
84,153,105,132,103,104
85,154,103,135,101,100
85,153,103,138,100,99
85,154,103,139,101,102
85,154,104,138,100,105
86,154,104,137,99,108
86,154,103,137,99,114
86,155,103,137,97,116
86,154,103,137,95,115
85,154,103,136,93,113
85,154,103,133,90,115
85,154,103,131,93,116
86,154,103,128,98,112
86,154,103,127,100,109
85,154,104,127,100,108
85,153,104,129,101,107
85,153,104,133,102,105
86,153,104,136,104,102
86,154,103,139,99,101
85,154,103,139,96,101
85,154,104,138,96,102
85,153,104,136,100,105
85,153,104,135,103,110
85,153,103,135,101,114
85,154,103,137,97,117
84,153,103,137,94,114
84,154,102,135,92,114
85,154,103,133,95,115
85,154,104,130,93,115
85,155,104,128,94,112
85,154,104,127,97,111
84,155,104,127,100,109
84,154,105,130,103,107
84,155,104,134,104,103
84,154,103,137,102,99
84,154,103,138,101,99
84,154,103,138,100,100
85,152,103,137,97,104
85,152,104,136,97,109
85,153,104,136,99,113
85,152,103,136,100,116
85,153,104,137,96,115
84,153,103,137,93,113
85,151,103,134,91,115
85,152,103,131,93,115
84,153,104,129,96,113
84,153,104,127,100,111
84,153,103,127,99,108
84,153,103,128,101,106
84,153,104,131,105,106
84,152,105,135,101,105
84,153,105,138,101,100
85,153,103,140,98,97
83,153,102,140,96,100
85,153,103,138,98,106
85,152,105,137,101,112
85,153,104,138,104,117
85,153,102,138,101,116
85,152,102,137,95,113
85,152,102,134,89,113
85,152,103,129,87,114
85,153,103,125,92,116
85,152,104,123,97,113
85,152,104,124,96,109
85,152,104,127,102,108
85,152,104,131,108,107
85,152,105,136,105,104
85,152,103,139,104,101
85,153,104,141,102,101
85,152,104,140,103,101
85,152,103,139,100,103
85,152,103,137,99,106
85,152,103,135,93,110
85,152,101,135,89,117
85,152,103,134,91,116
85,152,104,133,89,115
85,152,104,131,92,114
85,152,104,129,103,115
85,152,104,129,105,113
85,152,103,129,103,111
85,152,104,130,100,109
85,153,104,131,98,108
86,152,104,134,100,107
85,153,104,136,98,102
85,153,103,137,93,98
85,153,102,137,99,99
85,153,103,136,104,102
85,153,104,135,104,105
85,153,104,136,105,110
85,153,104,137,104,114
85,153,103,139,97,115
85,153,103,139,90,116
85,153,103,137,89,114
85,153,103,133,94,115
85,153,103,130,97,114
85,152,103,128,96,112
85,152,103,127,97,109
85,153,104,127,99,108
85,152,104,128,100,110
86,153,105,132,101,106
85,153,104,136,100,101
85,152,103,139,102,98
86,152,102,139,101,100
86,153,104,138,100,103
85,154,104,137,99,106
85,153,103,136,97,111
85,153,103,135,99,115
85,153,103,135,97,116
85,153,104,135,95,114
85,153,103,134,92,114
85,153,103,133,93,114
85,153,104,130,97,114
85,153,104,128,100,112
85,153,104,127,100,110
86,153,104,128,98,108
85,153,104,130,101,105
85,153,104,134,103,104
85,153,103,137,105,100
85,152,103,138,103,99
86,152,103,138,100,101
84,153,104,137,97,104
85,153,103,137,96,108
85,152,103,136,96,114
84,153,103,137,93,115
85,153,104,138,96,114
84,152,102,136,97,116
84,152,102,133,97,116
85,152,104,130,96,115
85,152,105,128,97,113
85,152,104,127,99,110
85,152,104,128,103,107
85,152,103,130,101,109
85,152,103,133,95,106
85,152,103,135,97,102
85,152,104,137,99,100
84,152,104,138,99,101
85,152,104,138,97,101
85,153,103,137,100,105
84,153,103,135,100,110
85,153,103,135,103,116
85,153,103,136,105,117
85,153,104,137,99,115
85,153,103,135,90,115
85,153,103,133,92,114
85,153,103,130,96,114
85,153,104,128,92,112
85,153,104,127,89,109
85,153,103,127,92,107
85,153,103,130,110,106
85,152,106,134,115,105
85,153,104,137,105,102
85,153,103,140,101,100
85,152,103,140,99,100
85,153,103,139,98,102
85,153,103,137,97,107
85,153,103,135,96,113
85,153,103,135,97,116
85,153,103,134,92,116
85,153,103,134,87,115
84,153,103,132,92,115
85,153,104,131,100,114
85,153,103,130,102,113
85,153,103,129,102,111
85,153,104,129,104,109
85,153,104,131,107,107
85,153,104,133,103,104
86,153,104,136,93,101
85,153,102,136,86,100
84,153,103,135,93,100
85,154,104,134,101,101
85,153,104,134,106,105
85,153,104,135,106,110
85,154,103,137,104,115
84,153,103,137,98,116
85,153,103,138,92,114
85,153,103,136,91,114
85,153,103,134,97,114
86,153,104,132,102,114
85,153,104,130,100,113
85,153,103,129,93,111
86,154,103,129,92,108
85,154,105,130,98,107
86,153,105,132,97,103
85,154,103,134,98,100
85,153,103,135,101,99
86,153,103,136,105,100
85,153,104,136,105,103
85,153,104,136,102,108
86,153,104,137,103,113
86,153,104,138,102,115
86,153,103,140,93,114
85,153,102,138,92,113
85,153,102,134,94,114
85,153,104,130,94,116
85,153,104,127,94,115
85,153,103,126,97,112
86,153,103,127,98,110
86,153,105,129,96,108
87,153,104,133,101,104
86,153,104,136,106,102
85,153,103,138,102,100
86,153,103,139,98,100
86,153,103,138,96,101
85,153,104,136,100,104
86,153,103,135,100,110
86,153,103,134,100,115
85,153,103,136,98,115
85,153,103,136,97,114
85,153,103,136,96,114
85,153,103,134,94,115
84,153,103,132,93,114
85,153,103,129,92,114
85,153,104,127,92,111
85,153,104,127,99,108
85,153,104,129,107,109
85,153,105,133,110,105
85,153,104,137,107,100
85,153,102,139,99,98
86,153,103,140,94,100
85,153,104,139,94,102
85,153,104,138,100,106
84,153,103,136,101,110
84,153,103,135,98,114
85,153,103,134,95,117
85,153,103,133,95,116
85,153,103,132,98,114
85,153,104,132,99,114
85,153,103,131,92,115
85,153,102,129,90,112
85,154,103,128,94,108
85,154,105,128,105,108
85,154,106,131,108,107
85,154,105,134,103,105
85,154,102,137,99,101
85,154,103,138,98,99
85,154,104,138,97,100
84,154,103,137,98,102
85,154,103,136,101,106
84,154,103,136,105,113
84,154,104,137,101,117
85,154,103,138,93,115
84,154,103,136,88,112
85,154,102,134,89,114
83,154,103,130,93,116
83,154,104,127,96,115
83,154,104,126,99,111
83,154,104,127,101,108
83,154,104,129,105,107
83,154,104,134,104,106
83,154,104,137,102,102
84,154,103,139,100,99
83,154,103,139,102,100
84,154,104,139,100,102
84,155,103,138,97,104
84,154,103,136,92,110
84,154,103,133,93,114
84,154,103,132,97,116
83,154,103,131,97,114
83,154,103,131,95,115
84,154,103,131,98,115
83,154,103,131,98,115
82,154,104,131,98,113
82,154,104,131,97,110
82,154,103,131,96,108
83,153,104,132,101,106
83,154,105,135,103,104
83,154,104,137,101,101
82,154,103,138,101,100
82,154,103,138,101,100
82,154,103,136,102,102
83,154,103,135,104,107
82,154,104,135,99,112
82,154,103,136,94,115
82,154,102,137,91,115
82,154,103,135,93,114
82,154,103,133,91,114
82,154,103,130,92,114
82,154,103,128,96,114
82,154,103,128,101,112
83,154,104,128,97,109
82,154,104,129,98,107
82,154,104,132,101,107
82,154,105,135,104,103
82,154,103,137,106,99
82,154,103,139,103,101
82,154,104,138,100,102
82,154,104,137,98,104
83,154,103,136,97,109
83,154,103,136,97,115
82,154,103,137,99,115
83,154,103,137,99,114
83,154,103,136,93,114
82,154,103,134,92,115
82,154,104,131,95,116
82,154,104,129,96,113
82,154,104,128,98,110
82,154,104,128,99,108
82,154,104,130,101,107
82,154,104,132,98,103
83,155,102,134,98,100
83,154,102,134,103,100
82,154,104,135,104,101
82,154,104,135,102,103
83,154,104,136,101,107
82,154,104,137,99,112
82,154,104,138,99,116
82,154,104,140,96,116
82,154,103,139,93,114
83,154,103,137,93,114
82,154,103,133,95,115
82,154,103,129,98,113
82,154,103,127,97,111
82,154,104,126,99,108
82,154,104,127,100,108
82,152,105,129,101,108
82,154,105,134,98,105
82,154,103,136,92,100
82,154,103,137,96,99
83,154,103,137,103,101
82,154,103,136,107,104
83,154,103,136,99,108
83,154,104,136,100,114
83,155,104,138,103,118
83,154,104,137,98,115
82,155,102,137,93,113
82,154,103,134,93,114
82,155,103,130,92,115
82,155,104,127,95,113
83,155,104,125,98,111
82,154,103,126,100,109
82,154,105,128,103,107
82,154,105,133,104,105
82,154,103,137,102,101
82,154,103,140,99,99
82,154,103,140,95,100
82,155,104,138,98,103
82,154,104,137,103,107
83,154,104,136,102,111
82,154,103,137,98,115
82,154,103,137,93,114
82,154,103,135,92,114
82,154,103,133,91,113
82,154,103,130,93,114
82,154,103,127,96,114
82,154,104,126,103,112
82,154,104,125,96,110
82,155,102,126,98,111
82,154,104,129,106,108
82,154,106,135,106,104
83,154,104,139,102,100
82,154,103,141,102,99
82,155,103,140,99,99
82,154,103,138,98,103
82,154,104,137,99,108
82,154,104,136,101,113
81,154,103,138,99,117
82,154,103,138,91,116
81,154,103,137,89,112
82,154,102,133,93,113
82,154,102,129,98,115
82,154,104,126,97,115
82,154,104,126,96,111
82,154,104,126,98,108
82,154,104,127,101,108
82,154,104,131,104,106
82,154,104,135,102,103
82,154,103,137,100,100
82,154,103,139,101,101
82,154,104,139,101,101
82,154,103,139,100,104
83,154,103,137,100,109
82,154,103,137,100,115
82,154,103,137,98,116
82,154,103,137,94,114
82,154,102,135,91,113
82,154,103,132,92,115
82,154,103,130,97,115
82,154,104,128,99,113
82,154,104,127,97,110
82,154,104,127,97,109
82,154,104,129,98,107
82,154,103,132,103,103
81,154,103,135,103,100
82,154,104,138,102,100
83,154,104,139,97,101
82,154,104,139,96,104
82,154,103,137,102,108
82,154,103,137,108,111
82,154,103,138,104,114
82,154,102,138,91,114
82,154,102,136,90,113
82,153,103,132,94,115
82,154,104,129,95,116
82,154,104,127,94,114
82,154,104,127,96,111
82,154,104,127,96,109
82,154,104,129,99,108
82,154,104,132,102,106
81,154,104,135,97,102
82,154,102,136,101,100
82,154,104,137,107,101
82,154,104,138,105,101
82,154,104,137,99,105
82,153,103,136,98,108
82,153,103,136,100,114
82,154,104,137,98,116
82,153,103,137,95,115
82,154,103,136,92,114
82,154,103,134,93,114
82,154,104,130,95,115
82,154,104,128,98,113
82,154,103,128,98,110
82,154,104,128,98,108
82,154,104,129,99,107
82,154,104,133,96,104
82,153,103,136,98,102
82,154,104,138,101,101
82,154,104,138,106,100
82,154,103,136,103,102
82,154,103,134,101,106
82,153,104,134,101,111
82,154,103,135,99,115
82,153,102,137,93,116
82,154,103,137,91,114
82,154,103,136,93,114
82,153,103,134,97,114
82,154,104,131,96,114
82,154,104,129,96,112
82,154,104,127,98,110
82,154,104,127,99,109
83,153,104,129,101,106
82,154,104,134,104,103
82,154,103,137,101,100
82,154,103,139,99,100
83,153,103,138,97,101
83,153,103,137,99,104
83,153,104,136,102,108
83,153,104,136,102,113
83,153,103,136,97,116
83,154,102,137,94,115
83,154,103,135,93,114
83,153,103,133,93,115
83,154,103,131,93,115
83,154,103,128,96,113
83,154,104,127,99,110
83,154,104,127,99,109
83,154,104,129,101,107
84,154,105,132,105,106
83,154,105,137,103,102
81,154,103,139,98,100
81,153,103,140,96,100
82,153,103,138,96,100
81,153,103,136,99,105
81,154,104,135,104,110
81,153,103,135,102,115
81,153,104,136,96,116
81,153,103,136,93,115
81,153,103,135,93,113
81,153,103,133,95,114
81,153,103,130,95,114
81,153,104,128,97,112
81,153,104,127,100,110
81,153,104,128,97,109
81,154,103,130,99,108
81,155,104,132,105,105
81,152,104,135,103,100
81,152,103,137,96,99
81,151,103,138,99,101
81,153,104,138,104,103
80,153,104,138,105,107
80,153,103,139,100,112
80,153,103,140,96,114
81,153,102,140,91,115
81,153,102,138,94,115
81,153,103,134,92,114
80,153,103,129,89,115
80,153,103,125,90,113
80,153,103,122,94,111
80,154,104,121,102,109
80,154,105,125,105,108
80,154,105,130,105,106
80,154,104,136,108,103
80,154,103,141,104,100
80,154,103,142,100,100
80,154,103,140,98,101
80,154,104,136,99,105
80,154,104,135,100,111
80,154,104,135,98,115
80,153,104,136,92,115
80,154,102,137,94,114
80,154,102,136,97,114
80,154,103,133,95,114
80,154,103,130,96,114
80,154,104,128,97,114
80,154,104,128,98,110
80,154,104,129,97,107
80,153,104,131,97,107
80,153,104,134,101,105
80,153,103,136,104,102
80,153,103,137,104,100
81,154,104,137,102,100
80,154,104,138,100,102
80,154,103,137,99,105
80,154,103,136,99,111
80,154,103,136,100,116
80,154,104,137,96,117
80,153,103,137,94,113
80,153,102,135,93,113
80,153,103,133,94,114
80,153,103,131,93,115
80,153,103,129,96,113
80,153,104,128,98,109
80,153,104,128,100,107
81,153,105,129,103,106
80,153,103,132,104,103
80,153,103,135,102,100
80,153,103,138,102,100
80,152,104,139,100,101
80,153,103,139,101,104
80,153,104,138,103,109
80,153,105,139,100,115
80,153,103,140,93,115
80,153,102,139,88,114
80,153,102,136,89,113
80,153,103,133,96,114
80,153,103,128,96,115
80,153,103,125,93,114
80,153,103,121,94,110
80,153,104,120,99,107
80,153,104,123,106,109
80,153,105,128,109,107
80,153,105,135,107,102
80,153,104,141,104,99
80,153,104,143,101,100
80,153,103,144,98,101
81,152,103,141,98,106
80,153,103,139,99,111
80,153,103,137,99,115
80,153,103,136,96,116
80,153,102,135,94,114
80,153,103,133,92,113
80,153,103,131,94,114
80,153,104,129,92,114
80,153,104,128,94,114
80,153,104,128,97,110
80,153,104,128,103,108
80,153,104,130,107,107
80,153,105,134,104,104
80,153,104,136,98,100
80,153,103,138,98,99
80,153,103,138,101,100
79,153,103,138,102,103
80,153,103,137,99,109
80,153,104,136,96,114
80,153,104,136,96,117
80,153,103,137,98,115
80,153,103,137,98,113
80,152,103,135,96,114
80,152,103,132,94,113
80,152,103,130,92,114
80,152,104,127,91,112
80,151,104,127,95,108
80,151,104,128,102,107
79,151,104,130,105,106
80,151,103,134,105,102
80,152,103,137,102,100
80,152,104,139,101,100
80,152,104,139,99,100
80,151,103,137,98,104
80,151,103,134,99,111
80,151,104,134,101,116
80,151,103,135,99,115
80,151,102,138,94,115
80,151,102,136,90,115
80,152,103,134,93,114
80,152,103,131,93,113
80,151,104,128,97,112
80,152,103,127,102,109
80,152,104,127,99,108
80,152,104,129,102,107
81,152,105,133,105,105
81,152,104,137,101,101
80,152,103,139,97,101
80,152,103,139,97,100
80,152,103,138,98,102
80,152,103,136,98,106
80,152,103,135,97,112
80,152,104,135,104,116
80,151,104,137,101,115
80,151,103,137,94,114
80,152,103,135,92,113
80,151,104,133,93,114
80,152,103,131,93,116
80,152,104,129,96,114
80,152,104,127,99,109
80,152,104,127,101,107
80,152,104,130,105,105
81,152,104,133,105,103
80,152,103,136,102,99
80,152,103,138,99,100
80,152,104,140,98,101
80,152,103,139,97,105
80,152,103,138,96,110
80,152,103,136,97,114
80,152,103,135,98,115
80,152,103,134,96,113
80,152,102,131,96,113
80,152,103,129,98,115
80,152,104,128,96,116
80,152,104,128,96,113
80,152,104,129,97,110
80,152,103,130,98,108
80,152,104,132,100,107
80,152,104,134,102,106
80,152,104,136,101,101
80,152,103,137,101,100
80,151,103,138,102,101
80,150,104,137,100,102
81,150,103,136,100,106
81,151,104,136,101,111
80,151,104,137,100,115
81,150,103,138,96,115
80,150,103,138,90,115
80,151,103,135,89,113
80,150,103,132,99,115
81,150,103,129,98,114
80,150,103,126,92,112
80,150,104,124,94,109
80,151,105,124,99,107
80,150,105,127,101,107
80,151,105,133,103,106
80,150,104,138,102,100
80,151,103,140,102,99
80,150,103,140,103,100
80,151,103,139,102,102
80,151,104,136,101,108
80,151,104,136,100,114
80,151,103,136,100,116
80,151,103,136,95,115
80,151,103,136,92,114
80,151,103,134,93,114
80,151,103,131,94,115
80,151,104,129,93,113
80,151,104,127,95,110
80,151,104,127,100,109
80,151,104,129,103,108
80,151,104,132,105,105
80,151,104,136,103,103
80,151,104,139,99,100
80,151,103,139,96,99
80,151,102,137,98,102
80,151,103,135,101,107
80,151,104,134,102,111
80,151,104,135,102,115
80,151,102,137,99,116
80,151,102,138,95,115
80,151,103,137,91,114
80,151,103,135,92,115
80,152,103,131,94,114
80,151,103,127,94,112
80,151,104,124,97,109
80,151,104,124,102,108
81,151,104,127,105,108
80,151,105,132,104,105
80,151,104,137,99,101
80,152,103,140,96,100
80,151,103,141,97,100
81,151,103,140,100,102
81,151,103,138,104,108
81,151,104,137,105,114
81,151,104,137,101,116
81,151,103,137,95,114
81,151,103,136,93,113
81,151,103,133,92,114
81,151,103,131,92,114
81,151,104,129,94,113
81,151,103,128,96,112
81,151,103,127,100,108
81,151,103,127,103,106
81,150,104,129,105,106
82,151,105,133,101,104
82,151,104,136,98,100
83,151,103,138,99,100
83,152,104,138,98,101
83,152,104,138,98,105
83,151,103,137,102,109
83,151,103,137,103,113
83,152,102,137,94,116
83,152,104,136,93,116
83,152,103,135,96,115
83,152,103,133,98,115
83,152,104,131,98,113
83,152,103,130,95,111
83,152,103,128,93,109
84,152,104,127,97,108
84,152,105,128,105,107
84,152,105,132,108,105
84,152,104,136,104,101
84,152,103,139,100,100
84,152,103,140,97,100
84,153,103,140,99,103
84,152,104,139,99,107
85,153,103,137,94,112
84,152,102,134,96,115
84,152,103,133,95,115
85,152,103,133,93,113
84,153,103,131,93,112
84,152,103,129,97,113
84,153,103,127,98,115
84,153,103,127,99,114
85,153,105,128,99,110
84,153,105,130,100,107
85,153,104,134,103,106
84,153,104,137,102,104
85,152,103,139,101,100
85,152,103,139,100,100
84,153,103,138,99,100
84,153,103,136,98,104
84,152,104,135,98,110
84,153,103,135,99,114
84,152,104,135,100,116
84,153,103,136,97,115
84,153,103,136,95,114
84,153,103,134,94,115
84,153,103,132,95,115
85,153,104,130,96,113
85,153,103,128,97,110
84,153,104,128,99,108
85,153,104,130,100,108
85,153,104,132,99,106
85,153,104,135,99,102
85,153,103,137,100,100
85,153,103,137,103,100
85,153,104,137,104,101
85,153,103,136,97,108
85,153,103,135,95,111
85,153,103,134,101,114
85,153,103,135,101,116
85,153,103,136,97,115
85,153,103,135,93,115
85,153,103,134,92,114
85,153,102,132,93,113
85,153,103,129,96,112
85,153,104,128,99,111
85,153,105,128,101,109
85,153,106,130,103,108
84,153,105,133,102,104
85,153,103,136,100,100
85,153,103,138,100,99
85,153,103,139,97,101
85,153,103,138,94,104
85,153,103,136,94,108
85,153,103,133,99,114
85,153,104,133,106,116
85,153,103,135,103,115
85,153,103,135,97,113
85,153,103,135,94,114
85,153,103,134,90,113
85,153,103,131,90,112
85,153,103,129,98,111
85,153,104,127,101,110
85,153,105,128,104,109
85,153,105,131,102,106
85,153,104,134,99,102
85,153,103,136,99,99
85,153,103,137,102,99
85,153,104,138,102,101
85,153,103,138,100,106
85,153,103,137,97,110
85,153,103,137,98,115
85,153,103,137,100,114
85,153,102,137,97,114
85,153,103,135,94,114
85,153,103,133,94,115
85,153,104,130,95,114
85,153,103,127,96,112
85,153,103,126,98,109
85,153,104,127,99,108
85,153,104,130,99,108
85,153,105,134,99,105
85,153,104,137,101,101
85,153,103,139,98,100
84,153,103,139,97,100
85,153,103,137,97,102
85,153,103,134,103,107
85,153,103,133,108,112
85,153,104,134,105,116
85,153,103,136,97,116
85,153,103,138,91,114
85,153,103,137,89,114
85,153,103,135,90,114
85,153,103,132,93,114
85,153,104,129,97,112
85,153,104,128,101,109
85,153,104,127,103,107
86,153,104,129,103,106
85,153,103,131,101,103
85,153,103,133,101,100
86,153,104,136,102,100
85,153,104,137,100,102
85,153,104,138,100,105
85,153,103,138,100,109
85,153,103,138,101,114
85,153,103,139,98,116
85,153,103,137,95,114
85,153,103,136,92,114
85,153,103,133,93,114
85,153,103,131,94,114
84,153,103,128,94,113
85,153,103,127,96,108
85,153,103,127,100,107
85,153,104,128,101,107
85,153,104,132,104,107
85,153,104,135,101,103
85,153,104,138,102,100
85,153,103,139,102,100
85,153,103,139,98,102
84,153,103,137,98,107
85,153,104,137,100,112
85,153,103,137,102,115
84,153,103,138,97,115
85,153,103,137,91,114
85,153,102,134,91,113
85,153,103,130,95,114
85,153,104,127,95,115
85,153,104,126,98,112
85,153,104,127,100,109
85,153,104,128,101,108
85,153,104,131,104,106
85,153,104,135,103,104
84,153,103,138,99,100
84,153,103,139,99,100
85,153,104,138,100,101
85,153,103,137,100,103
85,153,103,136,100,108
85,153,103,135,100,114
85,153,103,135,99,116
85,153,103,136,95,116
85,153,103,136,90,113
85,153,103,134,91,113
85,153,103,131,93,113
85,153,102,129,97,113
85,153,104,127,99,111
85,153,104,127,100,109
85,153,104,129,103,108
85,153,105,132,102,105
85,153,104,135,100,102
85,153,103,138,99,99
85,153,103,139,99,101
85,153,104,138,100,103
85,153,103,137,101,106
85,153,103,136,100,110
85,153,103,136,100,113
85,153,103,137,98,115
85,153,103,137,96,113
85,153,103,135,91,114
85,153,103,133,92,115
85,153,103,130,95,114
85,153,103,128,97,114
85,153,104,127,99,111
84,153,105,128,99,106
84,153,103,130,101,105
85,155,104,134,106,103
85,153,103,137,102,100
85,153,103,138,98,99
85,153,103,138,97,101
85,153,103,137,99,104
85,153,103,135,101,109
85,153,104,135,99,114
85,153,103,135,95,117
85,153,103,136,97,116
84,153,103,135,98,114
85,153,103,134,95,113
85,153,103,132,94,112
85,153,103,130,92,113
85,153,104,127,94,112
85,153,104,126,99,110
84,153,105,127,103,108
85,152,105,131,104,106
85,152,104,135,100,102
84,153,103,138,100,98
84,153,103,139,103,97
85,153,103,139,102,100
85,153,103,138,100,105
85,153,103,136,98,111
85,153,103,136,99,116
85,153,104,136,98,118
85,154,103,136,93,115
85,153,103,136,90,118
84,153,104,134,94,122
85,153,104,132,97,116
85,153,103,130,98,106
85,153,103,129,99,102
85,153,103,129,100,103
85,153,104,131,100,106
83,153,105,133,95,105
85,153,103,134,99,103
84,153,103,134,104,102
85,153,104,134,103,102
85,153,104,134,100,104
85,153,104,135,97,107
85,153,104,136,101,112
85,153,103,138,105,116
85,153,103,140,98,115
85,153,103,140,89,112
85,153,102,137,92,112
85,153,102,133,93,114
84,153,103,128,94,114
85,153,104,125,96,112
85,153,104,124,100,109
85,153,104,126,105,108
85,153,105,130,106,107
86,153,104,134,102,103
85,153,103,138,99,100
85,153,103,139,100,101
85,153,104,139,99,102
85,153,104,138,98,105
85,153,103,137,99,109
85,153,103,136,100,113
85,153,103,136,99,116
85,152,103,136,98,115
85,153,103,136,95,114
85,153,103,134,93,114
85,153,103,132,93,114
85,153,104,130,95,113
85,153,104,128,96,111
85,153,104,128,97,108
85,153,104,128,100,106
85,153,104,130,103,104
85,153,104,133,105,101
86,152,104,135,103,100
86,153,104,138,102,100
86,153,103,138,97,103
86,153,103,138,96,108
86,154,103,137,99,112
86,153,104,137,101,114
85,154,103,138,99,115
86,153,103,137,95,113
86,153,102,135,94,113
86,153,103,132,93,115
86,153,104,130,93,115
86,153,104,128,96,113
86,153,104,127,97,110
86,153,104,128,101,105
86,154,104,131,103,106
86,154,104,134,101,105
85,154,102,136,102,102
86,154,104,137,101,102
86,153,104,138,100,101
86,154,104,138,100,105
86,153,105,137,99,109
86,154,104,137,99,112
86,153,102,137,100,115
86,154,102,137,96,114
86,153,103,136,94,113
85,153,103,134,93,114
86,153,104,131,92,115
86,153,104,129,94,114
86,153,104,127,96,112
86,153,104,127,95,109
86,153,104,128,100,107
85,153,104,130,107,105
86,153,104,134,104,102
86,153,103,136,100,99
86,154,103,137,101,100
86,153,104,138,101,102
87,153,104,138,100,106
86,153,104,137,99,110
86,153,103,137,98,115
87,154,104,138,97,117
86,154,103,137,97,115
86,154,102,136,93,112
86,154,102,133,92,113
86,154,103,129,95,115
86,154,104,127,99,113
86,154,104,127,97,109
86,154,103,127,94,108
86,153,104,130,101,108
87,154,105,134,103,105
87,153,103,137,97,100
87,153,103,138,99,99
87,153,103,137,103,100
86,153,103,136,102,104
87,153,104,135,100,108
87,154,104,135,102,112
87,154,104,137,104,115
87,154,104,138,101,115
87,154,103,139,95,114
86,154,103,137,92,114
86,154,103,135,93,113
86,154,103,131,94,113
86,154,104,129,94,112
86,153,103,127,91,109
86,154,103,126,92,107
87,154,104,126,101,106
86,154,104,128,103,104
86,154,104,131,106,100
86,153,104,134,108,100
87,154,103,137,105,102
87,153,104,139,102,106
87,153,104,140,100,109
86,154,104,141,99,113
86,153,103,141,97,114
87,153,102,139,93,114
87,153,102,136,90,114
87,154,103,132,92,115
87,154,104,129,95,115
87,153,104,127,98,114
87,153,104,127,98,110
87,153,103,128,98,107
87,153,103,131,102,106
86,154,104,134,102,105
87,154,103,136,100,101
87,154,103,136,100,100
86,154,103,136,100,100
86,154,104,136,101,103
86,154,104,136,101,107
86,154,104,136,100,110
86,154,103,137,100,116
86,154,103,138,93,118
86,154,104,137,92,116
86,154,103,135,93,113
86,154,103,133,92,113
87,154,104,130,95,114
87,154,104,128,98,112
87,154,104,127,98,108
87,154,104,128,100,107
87,154,104,130,105,107
86,154,104,134,104,105
87,154,103,137,100,100
87,154,103,138,99,99
87,154,103,137,99,101
87,154,104,136,100,104
87,153,104,135,100,109
87,154,104,136,100,114
87,154,104,137,98,115
87,154,102,137,95,115
87,154,103,136,93,113
87,154,103,134,94,115
87,154,103,132,95,115
87,154,103,129,97,113
87,154,104,128,96,110
87,154,104,128,96,108
87,154,104,129,99,108
87,154,105,132,105,106
87,154,104,135,104,101
87,153,103,138,103,99
87,154,103,139,100,100
87,153,103,138,97,103
87,154,103,137,96,106
87,154,103,136,96,109
87,154,103,135,98,114
87,154,103,135,102,115
87,154,103,135,100,114
87,154,103,134,95,114
87,154,104,132,94,116
87,154,104,130,94,115
87,154,104,129,95,111
86,154,104,128,96,109
87,154,104,129,101,108
87,154,104,130,104,107
87,154,105,133,102,104
86,154,104,136,102,100
87,154,103,138,101,100
87,153,103,139,98,101
86,154,103,138,97,103
87,154,104,137,94,108
87,154,103,137,96,113
87,154,103,136,97,117
87,154,103,135,104,115
87,153,103,134,100,112
87,153,102,132,97,114
87,153,104,131,96,116
87,153,104,130,96,114
87,153,104,130,93,109
87,153,103,130,93,108
87,153,103,130,99,109
87,153,105,132,102,106
88,153,103,134,96,101
87,153,102,134,99,99
87,153,103,134,106,100
87,153,104,135,107,102
87,152,104,136,103,106
87,153,104,137,98,110
87,153,103,139,99,115
87,153,103,139,97,115
87,153,102,139,95,113
87,153,102,137,91,113
87,153,103,133,91,115
87,153,103,129,93,114
87,153,103,124,95,112
87,153,104,123,100,111
87,153,105,124,102,109
87,153,106,129,103,109
87,153,105,134,101,105
87,153,103,139,101,100
87,153,102,141,102,99
87,153,103,141,101,100
87,153,104,139,98,103
87,153,103,137,98,107
87,153,103,135,101,112
87,153,103,135,101,115
87,153,103,136,98,115
87,153,102,135,94,114
87,153,103,134,94,115
87,153,103,132,94,115
87,153,104,129,94,113
87,153,104,128,95,112
87,153,104,127,96,108
87,153,104,128,101,107
87,153,105,131,104,107
87,153,104,134,103,104
87,153,103,137,100,100
87,153,103,139,99,101
87,153,104,138,100,101
86,153,104,138,102,104
87,153,103,137,101,108
87,153,103,137,102,114
87,153,103,138,100,116
87,153,103,138,96,115
87,153,103,136,90,113
87,153,102,133,85,115
87,153,103,128,88,115
87,153,104,125,95,114
87,153,105,124,98,111
87,153,104,125,104,108
87,153,104,129,109,108
87,153,104,133,105,105
87,153,103,137,101,101
87,153,103,140,99,99
87,153,103,140,98,100
87,153,103,139,96,102
88,153,104,136,98,106
87,153,104,134,102,111
87,153,103,134,100,116
87,153,103,136,97,115
87,153,103,137,90,114
87,153,103,136,92,114
87,153,103,133,97,115
87,153,104,131,99,115
87,152,104,129,98,112
87,152,104,128,97,109
87,152,104,128,99,108
88,152,103,130,101,106
87,152,103,132,100,103
87,153,103,134,101,100
87,153,103,135,101,100
87,153,104,136,100,102
87,152,104,137,100,104
87,152,104,136,100,108
87,153,104,137,98,113
87,153,103,139,95,115
87,153,102,138,94,114
87,153,103,137,96,114
87,152,103,134,96,114
87,152,103,131,96,114
87,152,103,129,95,113
87,152,104,127,96,111
87,152,103,127,98,109
87,152,104,128,102,108
87,152,105,131,105,105
87,152,104,135,101,102
87,153,103,137,99,99
87,153,103,138,100,100
87,152,104,138,99,103
87,152,104,137,99,106
87,153,104,136,99,110
87,153,103,137,99,114
87,153,102,138,98,115
87,153,102,137,97,114
87,153,103,135,94,114
87,153,103,132,92,115
87,153,104,129,94,115
87,153,104,128,98,113
87,153,104,127,98,110
87,153,104,128,99,108
88,153,104,131,102,107
87,153,105,135,101,104
87,153,104,137,97,100
87,153,102,137,99,99
87,153,103,136,103,101
87,153,104,134,103,103
87,153,104,134,98,107
87,153,103,135,98,112
87,153,103,137,101,115
87,152,103,138,98,116
87,152,104,138,93,115
87,152,103,135,93,114
87,152,103,132,95,115
87,152,103,129,95,114
87,152,104,127,96,111
87,152,103,126,98,107
87,151,103,128,101,107
87,151,104,131,105,107
87,152,104,135,103,104
87,152,103,138,99,100
87,151,103,139,100,99
87,151,103,139,100,101
87,151,104,138,99,105
87,152,103,137,100,109
87,151,104,137,104,115
87,151,103,138,101,115
87,151,103,139,94,114
87,152,103,137,91,114
87,152,102,134,90,114
87,151,103,130,90,115
87,152,103,126,90,113
87,152,103,122,94,110
87,152,104,121,101,109
87,152,105,124,107,108
87,151,105,131,107,104
87,151,104,136,101,101
87,152,103,140,101,100
87,152,103,142,103,101
87,151,104,141,100,102
87,151,103,140,100,106
87,151,103,138,99,112
87,151,103,136,100,116
87,151,102,136,96,115
87,151,103,135,94,114
87,151,103,133,91,114
87,151,103,131,93,115
87,151,104,129,96,114
87,151,103,128,96,112
87,151,103,127,97,109
87,151,104,129,99,108
88,151,105,131,102,107
87,151,105,134,104,104
87,151,103,137,103,100
87,151,103,139,101,99
87,150,103,139,97,100
87,151,103,137,99,104
86,152,104,136,102,109
87,151,104,136,103,115
87,151,104,137,98,118
87,151,103,137,94,114
87,151,103,137,91,112
87,151,103,134,91,114
87,151,103,131,95,115
87,151,103,128,99,113
87,151,104,127,97,111
87,151,105,127,96,110
87,151,105,129,99,108
88,151,104,133,105,104
87,151,103,136,106,101
87,151,103,138,98,98
87,151,103,138,95,99
87,151,104,137,96,102
87,151,103,135,99,107
87,151,103,135,102,111
87,151,103,136,105,115
87,151,103,137,101,115
87,151,103,137,96,114
87,151,103,135,92,115
88,151,104,133,90,115
87,151,104,130,91,114
87,151,103,129,95,111
88,151,104,128,100,109
88,151,104,128,103,108
88,150,104,130,105,107
88,151,104,133,103,104
88,151,104,136,101,101
87,150,103,138,97,99
88,151,103,138,95,99
87,151,103,136,98,104
88,151,105,135,102,108
87,151,104,135,104,114
88,151,103,138,104,116
88,151,103,138,95,115
87,151,103,138,92,114
87,151,103,135,91,115
88,151,103,132,95,114
88,151,103,129,94,114
88,151,104,126,95,111
88,151,104,126,98,108
88,151,104,127,101,107
88,151,104,130,103,107
88,151,104,134,102,104
88,151,104,137,99,101
87,151,104,139,100,100
87,151,103,139,101,101
88,151,103,138,98,105
88,151,103,137,99,109
88,151,103,136,103,114
88,151,103,136,100,116
88,151,102,137,96,114
88,151,102,135,92,114
88,151,103,133,92,115
88,151,104,130,94,115
88,151,104,128,96,113
88,151,104,127,97,110
88,151,104,128,98,108
88,151,104,130,99,108
88,151,105,133,101,105
87,151,103,136,101,100
88,151,103,138,105,99
87,151,104,138,106,101
88,151,104,137,102,103
88,151,104,137,100,106
88,151,104,136,98,112
88,151,103,136,95,115
88,151,103,136,91,115
87,151,102,135,89,112
88,151,102,131,94,114
88,151,104,127,100,115
88,151,104,125,99,114
88,151,104,126,98,112
88,151,104,127,99,109
88,151,104,130,100,109
88,151,105,134,103,108
88,151,105,138,103,103
88,152,103,140,103,99
88,151,102,140,100,99
88,151,103,139,99,100
88,151,103,137,98,104
88,151,104,136,97,109
88,151,104,136,96,115
88,151,103,136,96,117
88,151,102,136,95,114
88,151,101,134,97,113
88,151,102,131,96,114
88,151,104,128,95,115
88,151,105,127,96,114
88,151,105,128,97,111
88,151,104,129,98,108
88,151,104,131,102,106
88,151,104,134,104,105
88,152,104,137,104,102
88,151,103,138,101,100
88,151,103,139,100,100
87,151,103,138,99,102
88,151,104,137,99,106
88,151,103,136,97,112
88,151,103,135,96,116
88,151,102,135,97,116
88,151,103,135,95,114
88,151,103,133,91,113
88,151,103,131,93,115
88,151,104,129,98,114
88,151,104,128,99,112
88,151,104,128,99,110
88,151,104,129,100,108
89,152,104,132,103,107
88,151,105,134,103,104
88,151,104,137,99,100
88,151,103,138,99,99
88,151,103,138,99,100
88,151,103,137,98,103
88,151,103,135,100,108
88,151,103,135,100,114
88,151,104,136,98,117
88,151,103,137,95,115
88,151,103,136,93,113
88,151,103,134,94,114
88,151,103,132,96,115
88,151,104,130,97,113
88,151,103,128,97,110
88,151,103,127,98,109
88,151,104,128,101,109
88,151,105,131,104,105
88,151,105,135,103,101
88,151,103,137,100,100
87,151,103,138,99,101
88,151,104,138,99,102
88,151,104,138,98,106
88,151,104,137,99,110
88,151,103,137,100,114
88,151,103,137,97,116
87,151,103,137,95,114
88,151,103,135,92,115
88,151,103,131,95,115
88,151,103,129,97,114
88,151,104,127,97,112
88,151,104,127,96,109
88,151,104,128,98,108
88,151,105,130,101,108
88,150,104,133,102,104
87,151,103,137,101,101
88,151,103,138,102,99
87,151,103,139,102,100
88,151,104,138,100,104
88,151,103,137,99,107
88,151,104,136,99,113
88,151,103,136,98,116
88,151,103,136,97,116
88,151,105,136,96,115
87,151,103,135,94,113
88,151,102,133,94,113
88,151,103,131,93,113
88,151,103,128,92,111
88,151,103,126,96,108
88,151,104,127,101,107
86,151,105,128,102,106
87,151,104,132,102,103
88,151,103,135,104,100
86,151,104,137,104,101
88,151,104,139,103,102
88,151,104,140,101,105
88,151,103,139,97,109
88,151,103,138,97,114
87,151,104,137,98,115
88,151,103,137,95,114
